{
  "title": "Loan Prediction - Inference & Drift",
  "timezone": "browser",
  "panels": [
    {
      "type": "stat",
      "title": "Requests",
      "targets": [
        {
          "expr": "sum(increase(model_requests_total[5m]))"
        }
      ],
      "gridPos": {
        "h": 4,
        "w": 6,
        "x": 0,
        "y": 0
      }
    },
    {
      "type": "stat",
      "title": "Errors",
      "targets": [
        {
          "expr": "sum(increase(model_request_errors_total[5m]))"
        }
      ],
      "gridPos": {
        "h": 4,
        "w": 6,
        "x": 6,
        "y": 0
      }
    },
    {
      "type": "graph",
      "title": "Latency (p95)",
      "targets": [
        {
          "expr": "histogram_quantile(0.95, sum(rate(model_prediction_latency_seconds_bucket[5m])) by (le))"
        }
      ],
      "gridPos": {
        "h": 8,
        "w": 12,
        "x": 0,
        "y": 4
      }
    },
    {
      "type": "graph",
      "title": "Prediction Score",
      "targets": [
        {
          "expr": "model_last_prediction_score"
        }
      ],
      "gridPos": {
        "h": 8,
        "w": 12,
        "x": 0,
        "y": 12
      }
    },
    {
      "type": "table",
      "title": "PSI by Feature",
      "targets": [
        {
          "expr": "psi_.*"
        }
      ],
      "gridPos": {
        "h": 8,
        "w": 12,
        "x": 0,
        "y": 20
      }
    }
  ],
  "schemaVersion": 27,
  "version": 1
}